"Column","Value","Definition"
"Facet","Climate risk","Potential for adverse consequences of climate and its determinants and manifestations; the adaptation-side anchor. Prefix CRK_."
"Facet","Climate driver","Causal-side mitigation anchor: greenhouse gases, emission sources, and the Climate change and Climate variability drivers. Prefix CDI_."
"Facet","System","Agri-food and ecological systems and components acted upon or affected. Prefix SYS_."
"Facet","Intervention","An action or activity taken to adapt or mitigate. Prefix INT_."
"Facet","Output","A tangible product, service, or deliverable produced by an intervention. Prefix OUT_."
"Facet","Outcome","A neutral state or property that changes as a result; direction applied at tagging time. Prefix OTC_."
"Facet","Impact","A long-term or higher-order effect. Prefix IMP_."
"Facet","Adoption pathway","A modifier describing the stage or degree of uptake and scaling; never used alone. Prefix ADP_."
"Facet","Breeding trait","A heritable characteristic targeted by breeding. Prefix TRT_."
"Facet","Stakeholder","An actor or social group involved in or affected by climate action. Prefix STK_."
"Facet","Cross-cutting concept","A construct that qualifies other terms rather than occupying a position on the results chain: normative principles, named ways of working, and greenhouse-gas accounting constructs. Prefix CCC_. A term belongs here only if it cannot fill a pathway element on its own; if it can, it belongs in a chain facet."
"Level","L1","Top-level concept in its facet; Parent ID is blank."
"Level","L2","A kind of an L1 term."
"Level","L3","A kind of an L2 term."
"Level","L4","A kind of an L3 term."
"Level","L5","A kind of an L4 term."
"Level","L6","A kind of an L5 term."
"Pathway stage","Rationale","Establishes why a term counts: climate risks and drivers."
"Pathway stage","Intervention","The action taken."
"Pathway stage","Output","What the action produces."
"Pathway stage","Outcome","The state that changes as a result."
"Pathway stage","Impact","The long-term effect."
"Pathway stage","Stakeholder","The actors, sitting alongside the results-chain."
"Pathway stage","Uptake stage","The adoption and scaling modifiers."
"Pathway stage","Cross-cutting","Concepts, principles, and traits that apply across the chain."
"Climate scope","Adaptation","Serves adaptation only."
"Climate scope","Mitigation","Serves mitigation only."
"Climate scope","Adaptation + Mitigation","Serves both; a single row carrying both tags."
"Adaptation tag","Adaptation-specific","Intrinsic to the climate frame."
"Adaptation tag","Adaptation-conditional","General term; counts as adaptation only in combination. Condition in Adaptation condition."
"Adaptation tag","n/a","Not adaptation-relevant (mitigation-only term)."
"Mitigation tag","Mitigation-specific","Intrinsic to the mitigation frame."
"Mitigation tag","Mitigation-conditional","Counts as mitigation only in combination. Condition in Mitigation condition."
"Mitigation tag","n/a","Not mitigation-relevant (adaptation-only term)."
"Adaptation condition","Intrinsic","Always counts as adaptation; no further condition."
"Adaptation condition","n/a (mitigation)","Out of adaptation scope (mitigation-only term)."
"Adaptation condition","<facet template sentence>","For conditional terms: a per-facet sentence stating what must be true for the term to count as adaptation."
"Mitigation condition","Intrinsic","Always counts as mitigation; no further condition."
"Mitigation condition","n/a (adaptation)","Out of mitigation scope (adaptation-only term)."
"Mitigation condition","<facet template sentence>","For conditional terms: a per-facet sentence stating what must be true for the term to count as mitigation."
"Domain","Crops & agronomy","Topical subject grouping (kept out of the hierarchy); every term has exactly one."
"Domain","Genetic resources & seeds","Topical subject grouping (kept out of the hierarchy); every term has exactly one."
"Domain","Livestock & rangeland","Topical subject grouping (kept out of the hierarchy); every term has exactly one."
"Domain","Fisheries & aquaculture","Topical subject grouping (kept out of the hierarchy); every term has exactly one."
"Domain","Water","Topical subject grouping (kept out of the hierarchy); every term has exactly one."
"Domain","Landscape, forests & ecosystems","Topical subject grouping (kept out of the hierarchy); every term has exactly one."
"Domain","Climate information & services","Topical subject grouping (kept out of the hierarchy); every term has exactly one."
"Domain","Climate risk & resilience","Topical subject grouping (kept out of the hierarchy); every term has exactly one."
"Domain","Climate finance & insurance","Topical subject grouping (kept out of the hierarchy); every term has exactly one."
"Domain","Policy, governance & institutions","Topical subject grouping (kept out of the hierarchy); every term has exactly one."
"Domain","Capacity, knowledge & innovation","Topical subject grouping (kept out of the hierarchy); every term has exactly one."
"Domain","Food, health & nutrition","Topical subject grouping (kept out of the hierarchy); every term has exactly one."
"Domain","Equity & social inclusion","Topical subject grouping (kept out of the hierarchy); every term has exactly one."
"Domain","Food value chain","Topical subject grouping (kept out of the hierarchy); every term has exactly one."
"Domain","Energy","Topical subject grouping (kept out of the hierarchy); every term has exactly one."
"Domain","Livelihoods & rural economy","Topical subject grouping (kept out of the hierarchy); every term has exactly one."
"Domain","Cross-cutting","Topical subject grouping (kept out of the hierarchy); every term has exactly one."
"Impact area","Climate adaptation & mitigation","CGIAR Impact Area; used for terms specific to the climate frame."
"Impact area","Nutrition, health & food security","CGIAR Impact Area."
"Impact area","Environmental health & biodiversity","CGIAR Impact Area."
"Impact area","Poverty reduction, livelihoods & jobs","CGIAR Impact Area."
"Impact area","Gender equality, youth & social inclusion","CGIAR Impact Area."
"Impact area","Cross-cutting","Not tied to one Impact Area; used for stakeholders, principles, and cross-cutting concepts."
"Related IDs (relation)","produces","An intervention produces this output or outcome."
"Related IDs (relation)","applies-to","A principle, trait, or intervention applies to this system or intervention."
"Related IDs (relation)","addresses","An intervention or output addresses this climate hazard."
"Related IDs (relation)","sequesters","An intervention sequesters carbon into this sink."
"Related IDs (relation)","reduces-emissions","An intervention reduces emissions of this gas or from this source."
"Related IDs (relation)","measured-by","An outcome or state is measured by this output or indicator."
"Related IDs (relation)","part-of","This term is a component part of another (compositional, not is-a-kind-of)."
"Related IDs (relation)","emits","This system emits this greenhouse gas."
"Related IDs (relation)","reduces","The term lowers this climate-risk dimension or undesired state. The constraint is on the target (exposure, sensitivity, vulnerability); the subject is contextual and may be an intervention or an outcome."
"Related IDs (relation)","composed-of","This term is composed of the listed parts."
"Related IDs (relation)","builds","The term strengthens this capacity, capability, or asset. The constraint is on the target; the subject is contextual and may be an intervention (a training that builds skills) or an outcome (income that builds adaptive capacity)."
"Related IDs (relation)","<stored relations only>","The eleven values above are the relations written into the Related IDs column. They are permanent properties of the two concepts and hold regardless of any document. The decision rules also use four from-text relations (attributed-to, exposed-to, benefits-from, engaged-in) that a tagger asserts when reading one piece of content; those are never written into the taxonomy and so are not listed here. See Adaptation_decision_rule.md section 3.1."
